{
    "deviceExperienceMode": "KIOSK",
    "enableKioskShortcutMenu":true,
    "androidDeviceGlobalSettings": {},
    "androidDeviceSecureSettings": {},
    "androidDeviceSystemSettings": {},
    "androidUserRestrictions": {},
    "blocklistApps": [],
    "certificates": {},
    "configuration": {
        "id": "VthKByCv5LAv7TsMXuED",
        "name": "Sample Config"
    },
    "kioskModeEnabled": true,
    "organization": {
        "id": "testOrg",
        "name": "MXR Test Org"
    },
    "systemProperties": {},
    "systemUpdateType": "USER_INITIATED",
    "customLauncherSettings": {
        "adminPin": "5112",
        "disableShortcutMenu":false,
        "backgroundFile": {
            "id": "ynFFjtR8dAWVA2pmHuYj8/r8cLq326oLWxu3C4aHY0A\u003d",
            "name": "Custom Launcher Background Image",
            "path": "/MightyImmersion/branding/background",
            "type": "BRANDING"
        },
        "shortcutMenuBackgroundFile": {
            "id": "dsFFjtR8d98eg23mHuYj8/r8cLq29e7guidf84aHY0A\u003d",
            "name": "Custom Launcher Shortcut Menu Background Image",
            "path": "/MightyImmersion/branding/shortcutMenuBackground",
            "type": "BRANDING"
        },
        "topLogoFile": {
            "id": "At6Hus5l4qlAjA5hbtkNgbFEs+9D8ZEo02xh7JoCnIo\u003d",
            "name": "Custom Launcher Top Logo Image",
            "path": "/MightyImmersion/branding/topLogo",
            "type": "BRANDING"
        },
        "bottomLogoFile": {
            "id": "QdPU6fcVBHMwYeV3CEvYqK0OK5x88cEgAczz+UaU7ts\u003d",
            "name": "Custom Launcher Bottom Logo Image",
            "path": "/MightyImmersion/branding/bottomLogo",
            "type": "BRANDING"
        },
        "colors": {
            "input": "#D8DAFF",
            "buttonPrimary": "#D188E1",
            "alert": "#FF746B",
            "success": "#9FEC7C",
            "buttonPrimaryText": "#ffffff",
            "menuBackground": "#8081A7",
            "inputText": "#404053",
            "buttonSecondary": "#79BFE0",
            "buttonSecondaryText": "#FFFFFF",
            "menuText": "#F9F9FF"
        },
        "hiddenSettings": {
            "bluetooth":false,
            "cast":false,
            "controller":false,
            "guardian":false,
            "wifi":false
        }
    },
    "deviceName": "Sample Device",
    "featureFlags": [],
    "files": {},
    "firstTimeUseFilePaths": [],
    "firstTimeUseModeEnabled": false,
    "id": "aNqI7W5ariXaNuZqbX0JtQTjCdx2",
    "kioskApp": {
        "autoGrantPermissions": true,
        "categories": [],
        "description": "",
        "forceInstall": false,
        "hidden": true,
        "iconUrl": "https://firebasestorage.googleapis.com/v0/b/mighty-platform-prod.appspot.com/o/public%2FdefaultIcon.png?alt\u003dmedia\u0026token\u003d6d588e59-0ec4-4ffc-bf16-0764cd70f89a",
        "id": "com.mightyimmersion.customlauncher.pico",
        "launchParams": {},
        "organizationId": "testOrg",
        "sortOrder": 99999,
        "sortPriority": 0,
        "title": "(Global) ManageXR Home Screen - Pico",
        "versionCode": 20604,
        "versionName": "2.6.4",
        "packageName": "com.mightyimmersion.customlauncher.pico",
        "iconPath": "/MightyImmersion/icons/com.mightyimmersion.customlauncher.pico",
        "blockLaunchWhileUpdating":false,
        "internetRequired":"OPTIONAL",
        "controllersRequired":"OPTIONAL"
    },
    "apps": {
        "com.mightyimmersion.versiontest.obb": {
            "blockLaunchWhileUpdating":false,
            "internetRequired":"OPTIONAL",
            "controllersRequired":"OPTIONAL",
            "autoGrantPermissions": false,
            "categories": [
                "Test"
            ],
            "description": "a description",
            "forceInstall": false,
            "hidden": false,
            "iconUrl": "https://firebasestorage.googleapis.com/v0/b/mighty-platform-dev.appspot.com/o/organizations%2FtestOrg%2Fconfigurations%2FVthKByCv5LAv7TsMXuED%2Fapp_com.mightyimmersion.versiontest.obb_1653880805380.jpeg?alt\u003dmedia\u0026token\u003d49a8aad3-1336-49c5-8c08-69aab3a3d26e",
            "id": "FG8oAzgMD9s2DYikMmOg",
            "launchParams": {},
            "organizationId": "testOrg",
            "sortOrder": 6,
            "sortPriority": 0,
            "title": "Test App A (category)",
            "versionCode": 2,
            "versionName": "2.0-A",
            "packageName": "com.mightyimmersion.versiontest.obb",
            "iconPath": "/MightyImmersion/icons/com.mightyimmersion.versiontest.obb"
        },
        "com.mightyimmersion.customlauncher.oculus.prod": {
            "blockLaunchWhileUpdating":false,
            "internetRequired":"OPTIONAL",
            "controllersRequired":"OPTIONAL",
            "autoGrantPermissions": true,
            "categories": [],
            "forceInstall": false,
            "hidden": false,
            "iconUrl": "https://firebasestorage.googleapis.com/v0/b/mighty-platform-prod.appspot.com/o/public%2FdefaultIcon.png?alt\u003dmedia\u0026token\u003d6d588e59-0ec4-4ffc-bf16-0764cd70f89a",
            "id": "3sc5mwZP4DUYo9QqxJax",
            "launchParams": {},
            "organizationId": "testOrg",
            "sortOrder": 13,
            "sortPriority": 0,
            "title": "(Global) ManageXR Home Screen - Oculus",
            "versionCode": 20603,
            "versionName": "2.6.3",
            "packageName": "com.mightyimmersion.customlauncher.oculus.prod",
            "iconPath": "/MightyImmersion/icons/com.mightyimmersion.customlauncher.oculus.prod"
        },
        "com.mightyimmersion.mightyplatform.adminapp.dev.pico2": {
            "blockLaunchWhileUpdating":false,
            "internetRequired":"OPTIONAL",
            "controllersRequired":"MANDATORY",
            "autoGrantPermissions": true,
            "categories": [],
            "description": "",
            "forceInstall": false,
            "hidden": true,
            "iconUrl": "https://firebasestorage.googleapis.com/v0/b/mighty-platform-dev.appspot.com/o/organizations%2FtestOrg%2Fapps%2Fcom.mightyimmersion.mightyplatform.adminapp.dev.pico2%2Ficons%2Ficon_1641770603958.png?alt\u003dmedia\u0026token\u003d47e5a14c-7d19-43d5-9d96-5feaa52ab9fb",
            "id": "com.mightyimmersion.mightyplatform.adminapp.dev.pico2",
            "launchParams": {},
            "organizationId": "testOrg",
            "sortOrder": 99999,
            "sortPriority": 0,
            "title": "(Global) ManageXR Admin App - Pico 2",
            "versionCode": 19999,
            "versionName": "1.5.0-dev-pico2",
            "packageName": "com.mightyimmersion.mightyplatform.adminapp.dev.pico2",
            "iconPath": "/MightyImmersion/icons/com.mightyimmersion.mightyplatform.adminapp.dev.pico2"
        },
        "com.mightyimmersion.demovr.a": {
            "blockLaunchWhileUpdating":false,
            "internetRequired":"MANDATORY",
            "controllersRequired":"OPTIONAL",
            "autoGrantPermissions": true,
            "categories": [],
            "forceInstall": false,
            "hidden": false,
            "iconUrl": "https://firebasestorage.googleapis.com/v0/b/mighty-platform-dev.appspot.com/o/organizations%2FtestOrg%2Fapps%2Fcom.mightyimmersion.demovr.a%2Ficons%2Ficon_1641770825860.png?alt\u003dmedia\u0026token\u003d8f895181-ee07-4905-b341-29f1ad4af906",
            "id": "GXf7rDxlmQJjokoSu837",
            "launchParams": {},
            "organizationId": "testOrg",
            "sortOrder": 1,
            "sortPriority": 0,
            "title": "Demo App A (Pico)",
            "versionCode": 100,
            "versionName": "1.0",
            "packageName": "com.mightyimmersion.demovr.a",
            "iconPath": "/MightyImmersion/icons/com.mightyimmersion.demovr.a"
        },
        "com.mightyimmersion.demovr.b": {
            "blockLaunchWhileUpdating":false,
            "internetRequired":"OPTIONAL",
            "controllersRequired":"OPTIONAL",
            "autoGrantPermissions": true,
            "categories": [],
            "forceInstall": false,
            "hidden": false,
            "iconUrl": "https://firebasestorage.googleapis.com/v0/b/mighty-platform-dev.appspot.com/o/organizations%2FtestOrg%2Fapps%2Fcom.mightyimmersion.demovr.b%2Ficons%2Ficon_1641771626147.png?alt\u003dmedia\u0026token\u003d1db9141b-42d8-4093-9533-96ba037c058a",
            "id": "AzQlXv74eXFCDxPfQOpT",
            "launchParams": {},
            "organizationId": "testOrg",
            "sortOrder": 0,
            "sortPriority": 0,
            "title": "Demo App B (Pico)",
            "versionCode": 100,
            "versionName": "1.0",
            "packageName": "com.mightyimmersion.demovr.b",
            "iconPath": "/MightyImmersion/icons/com.mightyimmersion.demovr.b"
        },
        "com.mightyimmersion.mightycompaniondemo.oculus": {
            "blockLaunchWhileUpdating":false,
            "internetRequired":"OPTIONAL",
            "controllersRequired":"OPTIONAL",
            "autoGrantPermissions": false,
            "categories": [],
            "description": "",
            "forceInstall": false,
            "hidden": false,
            "iconUrl": "https://firebasestorage.googleapis.com/v0/b/mighty-platform-dev.appspot.com/o/organizations%2FtestOrg%2Fapps%2Fcom.mightyimmersion.mightycompaniondemo.oculus%2Ficons%2Ficon_1655161065525.jpeg?alt\u003dmedia\u0026token\u003d9be8480f-d052-452c-ad2f-a54364975101",
            "id": "Uso9WJAlDyjOTphEYoVE",
            "launchParams": {},
            "organizationId": "testOrg",
            "sortOrder": 2,
            "sortPriority": 0,
            "title": "Beat Smasher",
            "versionCode": 1,
            "versionName": "0.1",
            "packageName": "com.mightyimmersion.mightycompaniondemo.oculus",
            "iconPath": "/MightyImmersion/icons/com.mightyimmersion.mightycompaniondemo.oculus"
        },
        "com.mightyimmersion.demovr.c": {
            "blockLaunchWhileUpdating":false,
            "internetRequired":"OPTIONAL",
            "controllersRequired":"OPTIONAL",
            "autoGrantPermissions": false,
            "categories": [],
            "forceInstall": false,
            "hidden": false,
            "iconUrl": "https://firebasestorage.googleapis.com/v0/b/mighty-platform-dev.appspot.com/o/organizations%2FtestOrg%2Fapps%2Fcom.mightyimmersion.demovr.c%2Ficons%2Ficon_1641771651302.png?alt\u003dmedia\u0026token\u003de83aa747-553f-4f78-a278-bd5f9d5e6b60",
            "id": "Ozss65ZvTGJTrgpq0DfF",
            "launchParams": {},
            "organizationId": "testOrg",
            "sortOrder": 3,
            "sortPriority": 0,
            "title": "Demo App C (Pico)",
            "versionCode": 100,
            "versionName": "1.0",
            "packageName": "com.mightyimmersion.demovr.c",
            "iconPath": "/MightyImmersion/icons/com.mightyimmersion.demovr.c"
        }
    },
    "videos": {
        "eHtnJ48lW8yJPajsQdwi": {
            "display": "MONO",
            "mapping": "EQUIRECTANGULAR",
            "packing": "NONE",
            "type": "_360",
            "categories": [
                "vid"
            ],
            "hidden": false,
            "iconUrl": "https://firebasestorage.googleapis.com/v0/b/mighty-platform-dev.appspot.com/o/organizations%2FtestOrg%2Fvideos%2FeHtnJ48lW8yJPajsQdwi%2Ficons%2Ficon_1653680186250.jpeg?alt\u003dmedia\u0026token\u003d60813036-2741-45f4-9915-d9069a6322c2",
            "id": "eHtnJ48lW8yJPajsQdwi",
            "organizationId": "testOrg",
            "sortOrder": 10,
            "title": "London on Tower Bridge 123 yup",
            "videoPath": "/MightyImmersion/videos/eHtnJ48lW8yJPajsQdwi",
            "iconPath": "/MightyImmersion/icons/video_eHtnJ48lW8yJPajsQdwi",
            "blockLaunchWhileUpdating":false,
            "internetRequired":"MANDATORY",
            "controllersRequired":"OPTIONAL"
        },
        "Imh0OKqIoYQLxTBizO8a": {
            "display": "MONO",
            "mapping": "EQUIRECTANGULAR",
            "packing": "NONE",
            "type": "_360",
            "categories": [],
            "hidden": false,
            "iconUrl": "https://firebasestorage.googleapis.com/v0/b/mighty-platform-dev.appspot.com/o/organizations%2FtestOrg%2Fvideos%2FImh0OKqIoYQLxTBizO8a%2Ficons%2Ficon_1652992442713.png?alt\u003dmedia\u0026token\u003d6a92ef32-288d-4de5-9383-a4a033514ffb",
            "id": "Imh0OKqIoYQLxTBizO8a",
            "organizationId": "testOrg",
            "sortOrder": 7,
            "title": "360",
            "videoPath": "/MightyImmersion/videos/Imh0OKqIoYQLxTBizO8a",
            "iconPath": "/MightyImmersion/icons/video_Imh0OKqIoYQLxTBizO8a",
            "blockLaunchWhileUpdating":false,
            "internetRequired":"OPTIONAL",
            "controllersRequired":"OPTIONAL"
        },
        "pCJ0dOH0ELMPlOLirMBp": {
            "display": "MONO",
            "packing": "NONE",
            "type": "_2D",
            "categories": [],
            "hidden": false,
            "iconUrl": "https://firebasestorage.googleapis.com/v0/b/mighty-platform-dev.appspot.com/o/organizations%2FtestOrg%2Fvideos%2FpCJ0dOH0ELMPlOLirMBp%2Ficons%2Ficon_1652992421781.png?alt\u003dmedia\u0026token\u003dfccb1799-9824-4ba7-94c4-5ce526b1151d",
            "id": "pCJ0dOH0ELMPlOLirMBp",
            "organizationId": "testOrg",
            "sortOrder": 9,
            "title": "2D",
            "videoPath": "/MightyImmersion/videos/pCJ0dOH0ELMPlOLirMBp",
            "iconPath": "/MightyImmersion/icons/video_pCJ0dOH0ELMPlOLirMBp",
            "blockLaunchWhileUpdating":false,
            "internetRequired":"OPTIONAL",
            "controllersRequired":"MANDATORY"
        },
        "I5yjf7IlzbwGohEjBDI5": {
            "display": "STEREO",
            "mapping": "EQUIRECTANGULAR",
            "packing": "TOP_BOTTOM",
            "type": "_360",
            "categories": [],
            "hidden": false,
            "iconUrl": "https://firebasestorage.googleapis.com/v0/b/mighty-platform-dev.appspot.com/o/organizations%2FtestOrg%2Fvideos%2FI5yjf7IlzbwGohEjBDI5%2Ficons%2Ficon_1652992453763.png?alt\u003dmedia\u0026token\u003d415d7c90-9578-48f1-a209-7691dd80244d",
            "id": "I5yjf7IlzbwGohEjBDI5",
            "organizationId": "testOrg",
            "sortOrder": 5,
            "title": "360 Stereo (Top/Bottom)",
            "videoPath": "/MightyImmersion/videos/I5yjf7IlzbwGohEjBDI5",
            "iconPath": "/MightyImmersion/icons/video_I5yjf7IlzbwGohEjBDI5",
            "blockLaunchWhileUpdating":false,
            "internetRequired":"OPTIONAL",
            "controllersRequired":"OPTIONAL"
        },
        "N6BBymnU5ttZoe2BPVo3": {
            "display": "MONO",
            "mapping": "EQUIRECTANGULAR",
            "packing": "NONE",
            "type": "_180",
            "categories": [],
            "hidden": false,
            "iconUrl": "https://firebasestorage.googleapis.com/v0/b/mighty-platform-dev.appspot.com/o/organizations%2FtestOrg%2Fvideos%2FN6BBymnU5ttZoe2BPVo3%2Ficons%2Ficon_1655160465254.png?alt\u003dmedia\u0026token\u003d572056ec-84a1-4317-b4ce-864818d04f63",
            "id": "N6BBymnU5ttZoe2BPVo3",
            "organizationId": "testOrg",
            "sortOrder": 8,
            "title": "180 Video",
            "videoPath": "/MightyImmersion/videos/N6BBymnU5ttZoe2BPVo3",
            "iconPath": "/MightyImmersion/icons/video_N6BBymnU5ttZoe2BPVo3",
            "blockLaunchWhileUpdating":false,
            "internetRequired":"OPTIONAL",
            "controllersRequired":"MANDATORY"
        },
        "KOXT1WNbOxT9ueAOYImf": {
            "display": "STEREO",
            "mapping": "EQUIRECTANGULAR",
            "packing": "LEFT_RIGHT",
            "type": "_180",
            "categories": [],
            "description": "test description",
            "hidden": false,
            "iconUrl": "https://firebasestorage.googleapis.com/v0/b/mighty-platform-dev.appspot.com/o/organizations%2FtestOrg%2Fvideos%2FKOXT1WNbOxT9ueAOYImf%2Ficons%2Ficon_1652992413306.png?alt\u003dmedia\u0026token\u003da7effa3d-2967-4596-80d9-7c968ab2d4cc",
            "id": "KOXT1WNbOxT9ueAOYImf",
            "organizationId": "testOrg",
            "sortOrder": 4,
            "title": "180 Stereo (Left/Right)",
            "videoPath": "/MightyImmersion/videos/KOXT1WNbOxT9ueAOYImf",
            "iconPath": "/MightyImmersion/icons/video_KOXT1WNbOxT9ueAOYImf",
            "blockLaunchWhileUpdating":false,
            "internetRequired":"OPTIONAL",
            "controllersRequired":"OPTIONAL"
        }
    },
    "webXRApps": {
        "c7cNAkgJaWXvUCsOv3rr": {
            "url": "https://brushworkvr.com/paint",
            "categories": [
                "Test"
            ],
            "description": "A web XR App for testing",
            "hidden": false,
            "iconUrl": "https://firebasestorage.googleapis.com/v0/b/mighty-platform-dev.appspot.com/o/organizations%2FtestOrg%2Fweb-xr-apps%2Fc7cNAkgJaWXvUCsOv3rr%2Ficons%2Ficon_1652992472350.png?alt\u003dmedia\u0026token\u003dbfc4a3c6-53f2-44dc-a5d8-bca0be30d0fe",
            "id": "c7cNAkgJaWXvUCsOv3rr",
            "organizationId": "testOrg",
            "sortOrder": 99999,
            "title": "brushwork VR",
            "iconPath": "/MightyImmersion/icons/webxrapp_c7cNAkgJaWXvUCsOv3rr",
            "blockLaunchWhileUpdating":false,
            "internetRequired":"OPTIONAL",
            "controllersRequired":"OPTIONAL"
        },
        "zumD8VBwcfg5y3aAPVaD": {
            "url": "https://www.youtube.com/watch?v\u003dbqW2qm02jwI\u0026t\u003d1s",
            "categories": [],
            "hidden": false,
            "iconUrl": "https://firebasestorage.googleapis.com/v0/b/mighty-platform-dev.appspot.com/o/organizations%2FtestOrg%2Fweb-xr-apps%2FzumD8VBwcfg5y3aAPVaD%2Ficons%2Ficon_1653329619618.png?alt\u003dmedia\u0026token\u003d59a7461a-44b8-49c8-943d-a7d9b116a9e2",
            "id": "zumD8VBwcfg5y3aAPVaD",
            "organizationId": "testOrg",
            "sortOrder": 11,
            "title": "The Peoples House",
            "iconPath": "/MightyImmersion/icons/webxrapp_zumD8VBwcfg5y3aAPVaD",
            "blockLaunchWhileUpdating":false,
            "internetRequired":"OPTIONAL",
            "controllersRequired":"OPTIONAL"
        }
    },
    "wifiNetworks": {}
}