{
    "wifiIsEnabled": true,
    "ssid": "Network1SSID",
    "state": 5,
    "hasInternetAccess": true,
    "requiresCaptivePortal": false,
    "signalStrength": 99,
    "linkSpeed": 192,
    "frequency": 2400,
    "frequencyString": "2.4 GHz",
    "ipAddress": "1.1.1.1",
    "macAddress": "00:00:5e:00:53:af",
    "gateway": "1.1.1.1",
    "subnetMask": "1.1.1.1",
    "dnsAddresses": [
        "1.1.1.1"
    ],
    "ipv6Addresses": [
        "2001:db8:3333:4444:5555:6666:7777:8888"
    ],
    "capabilities": "",
    "networkSecurityType": 0,
    "captivePortalUrl": ""
}