{
    "appStatuses": {
        "com.mightyimmersion.demovr.1": {
            "currentVersion": 0,
            "currentVersionName": null,
            "errorCode": 0,
            "id": "VthKByCvCC",
            "message": "",
            "nextVersion": 100,
            "nextVersionName": "1.0.0",
            "packageName": "com.mightyimmersion.demovr.1",
            "progress": 72,
            "status": "DOWNLOADING",
            "timestamp": {
                "nanoseconds": 406000000,
                "seconds": 1655173182
            },
            "totalBytesDownloaded": 720000,
            "totalDownloadSize": 1000000
        }
    },
    "currentForegroundApp": {
        "className": "com.pvr.powercontrol.PxrPowerControlActivity",
        "packageName": "com.pvr"
    },
    "deviceSystemVersionStatus": {
        "currentVersion": "4.5.30",
        "errorCode": 0,
        "progress": 0,
        "status": "UP_TO_DATE",
        "totalBytesDownloaded": 0,
        "totalDownloadSize": 0
    },
    "fileStatuses": {},
    "lastCheckIn": {
        "nanoseconds": 388000000,
        "seconds": 1655173182
    },
    "lastUpdate": {
        "nanoseconds": 785000000,
        "seconds": 1655173202
    },
    "picoCvControllerUpdateAvailable": false,
    "picoGuardianHasBeenOpened": true,
    "previousForegroundApp": {
        "className": "com.pvr.home.RecActivity",
        "packageName": "com.pvr.home"
    },
    "serial": "PA7H10DGF4140021W",
    "videoStatuses": {
        "eHtnJ48lW8yJPajsQdwi": {
            "currentVersion": 0,
            "currentVersionName": null,
            "errorCode": 0,
            "id": "eHtnJ48lW8yJPajsQdwi",
            "message": "",
            "progress": 22,
            "status": "DOWNLOADING",
            "timestamp": {
                "nanoseconds": 406000000,
                "seconds": 1655173182
            },
            "totalBytesDownloaded": 220000,
            "totalDownloadSize": 1000000
        }
    }
}