[
    {
        "ssid": "Network 1",
        "capabilities": "",
        "signalStrength": 89,
        "isSaved": false,
        "isManaged": false,
        "networkSecurityType": 0,
        "IsEnterpriseNetwork": false,
        "IsOpen": true
    },
    {
        "ssid": "Network 2",
        "capabilities": "",
        "signalStrength": 99,
        "isSaved": false,
        "isManaged": false,
        "networkSecurityType": 0,
        "IsEnterpriseNetwork": false,
        "IsOpen": true
    },
    {
        "ssid": "Network 3",
        "capabilities": "",
        "signalStrength": 99,
        "isSaved": false,
        "isManaged": false,
        "networkSecurityType": 0,
        "IsEnterpriseNetwork": false,
        "IsOpen": true
    }
]